Title,Company,Location,Link
Senior Full Stack Developer,Zammad,ğŸ‡ªğŸ‡º Europe,https://remoteok.com/remote-jobs/remote-senior-full-stack-developer-zammad-1093045
Web Developer,Contra,ğŸŒ Worldwide,https://remoteok.com/remote-jobs/remote-web-developer-contra-1093019
Senior React Full stack Developer,Lemon.io,ğŸ‡ªğŸ‡º Europe,https://remoteok.com/remote-jobs/remote-senior-react-full-stack-developer-lemon-io-1093015
Administrative Executive,Prime Design & Build,ğŸ’ƒ Latin America,https://remoteok.com/remote-jobs/remote-administrative-executive-prime-design-build-1092987
Full Stack Engineer,Stealth,ğŸŒ Worldwide,https://remoteok.com/remote-jobs/remote-full-stack-engineer-stealth-1092912
Internet of Things Technical Lead,Sanctuary Computer,ğŸŒ Worldwide,https://remoteok.com/remote-jobs/remote-internet-of-things-technical-lead-sanctuary-computer-1082693
Senior Software Engineer,Emergent Software,ğŸŒ Probably worldwide,https://remoteok.com/remote-jobs/remote-senior-software-engineer-emergent-software-1092940
Javascript Fullstack Engineer Senior,Lumenalta,ğŸŒ Worldwide,https://remoteok.com/remote-jobs/remote-javascript-fullstack-engineer-senior-lumenalta-1092919
Full stack Ruby on Rails engineer Earn equity,Zipchat,ğŸŒ Worldwide,https://remoteok.com/remote-jobs/remote-full-stack-ruby-on-rails-engineer-earn-equity-zipchat-1092901
Full Stack Developer,Incyte Studios,ğŸ‡ºğŸ‡¸ United States,https://remoteok.com/remote-jobs/remote-full-stack-developer-incyte-studios-1086821
Senior Mobile Developer,Headway,ğŸ‡ºğŸ‡¸ United States,https://remoteok.com/remote-jobs/remote-senior-mobile-developer-headway-1092035
Full Stack Web Developer,JDCLD Trading,ğŸ‡ªğŸ‡º Europe,https://remoteok.com/remote-jobs/remote-full-stack-web-developer-jdcld-trading-1091758
Senior PHP Laravel Developer Full Stack,Interaction Design Foundation,ğŸŒ Worldwide,https://remoteok.com/remote-jobs/remote-senior-php-laravel-developer-full-stack-interaction-design-foundation-1084150
spoke person,labs ai,ğŸŒ Worldwide,https://remoteok.com/remote-jobs/remote-spoke-person-labs-ai-1087588
Senior Data Engineer,Soda Data,ğŸ‡ªğŸ‡º Europe,https://remoteok.com/remote-jobs/remote-senior-data-engineer-soda-data-1087414
Sr Software Developer PHP MySQL,LendingWise,ğŸŒ Worldwide,https://remoteok.com/remote-jobs/remote-sr-software-developer-php-mysql-lendingwise-1087580
React Native Developer,Private.Ki,ğŸŒ Worldwide,https://remoteok.com/remote-jobs/remote-react-native-developer-private-ki-1075396
Intermediate Angular Developer,Revelator,ğŸ‡ªğŸ‡º Europe,https://remoteok.com/remote-jobs/remote-intermediate-angular-developer-revelator-1058054
Senior Software Engineer,Sanctuary Computer,ğŸŒ Worldwide,https://remoteok.com/remote-jobs/remote-senior-software-engineer-sanctuary-computer-1082513
Senior Software Engineer,Sanctuary Computer,ğŸŒ Worldwide,https://remoteok.com/remote-jobs/remote-senior-software-engineer-sanctuary-computer-1082513
Senior Software Engineer Backend,Coinbase Developer Platform,ğŸ‡ºğŸ‡¸ United States,https://remoteok.com/remote-jobs/remote-senior-software-engineer-backend-coinbase-developer-platform-1081525
Developer,Stoneridge Software,"Minneapolis, MN",https://remoteok.com/remote-jobs/remote-developer-stoneridge-software-1069448
Full Stack Engineer,ResumeDive,ğŸŒ Worldwide,https://remoteok.com/remote-jobs/remote-full-stack-engineer-resumedive-991115
Security & Risk Engineer US based,Buoy Software,ğŸŒ Worldwide,https://remoteok.com/remote-jobs/remote-security-amp-risk-engineer-us-based-buoy-software-1067257
Full Stack React Engineer,Dock,ğŸ‡®ğŸ‡³ India,https://remoteok.com/remote-jobs/remote-full-stack-react-engineer-dock-1059078
Front End lead developer,emmacare.com,ğŸ‡ªğŸ‡º Europe,https://remoteok.com/remote-jobs/remote-front-end-lead-developer-emmacare-com-1061740
Backend Engineer,Flourish Software,ğŸŒ Probably worldwide,https://remoteok.com/remote-jobs/remote-backend-engineer-flourish-software-1056411
Wordpress Developer,BBE Marketing,ğŸŒ Worldwide,https://remoteok.com/remote-jobs/remote-wordpress-developer-bbe-marketing-1036553
Software Engineer Backend,BrowserStack Software Private Limited,Mumbai,https://remoteok.com/remote-jobs/remote-software-engineer-backend-browserstack-software-private-limited-998520
Technical Support Engineer Developer,LimeSurvey,ğŸ‡ªğŸ‡º Europe,https://remoteok.com/remote-jobs/remote-technical-support-engineer-developer-limesurvey-925464
Senior Back End Wizard,joi.studio,ğŸŒ Worldwide,https://remoteok.com/remote-jobs/remote-senior-back-end-wizard-joi-studio-867839
Principal Software Engineer,Recast Software,ğŸ‡ºğŸ‡¸ United States,https://remoteok.com/remote-jobs/remote-principal-software-engineer-recast-software-932425
Product Marketing Manager,Recast Software,ğŸ‡ºğŸ‡¸ United States,https://remoteok.com/remote-jobs/remote-product-marketing-manager-recast-software-932424
Full stack Engineer PHP Symfony React MongoDB,i6,ğŸ‡ªğŸ‡º Europe,https://remoteok.com/remote-jobs/remote-full-stack-engineer-php-symfony-react-mongodb-i6-843213
Senior PHP Laravel Developer,IxDF - Interaction Design Foundation,ğŸŒ Worldwide,https://remoteok.com/remote-jobs/remote-senior-php-laravel-developer-ixdf-interaction-design-foundation-840144
Senior Backend Engineer,Center,ğŸŒ Worldwide,https://remoteok.com/remote-jobs/remote-senior-backend-engineer-center-778049
Senior Developer Grow My Clinic,Jane Software,ğŸ‡¨ğŸ‡¦ Canada,https://remoteok.com/remote-jobs/remote-senior-developer-grow-my-clinic-jane-software-880008
Junior Software Test Specialist,Igloo Software,ğŸ‡¨ğŸ‡¦ Canada,https://remoteok.com/remote-jobs/remote-junior-software-test-specialist-igloo-software-871617
Staff Software Engineer Fullstack,Coinbase Developer Platform,ğŸ‡ºğŸ‡¸ United States,https://remoteok.com/remote-jobs/remote-staff-software-engineer-fullstack-coinbase-developer-platform-858086
Senior Software Engineer,Elluminates Software,ğŸŒ Probably worldwide,https://remoteok.com/remote-jobs/remote-senior-software-engineer-elluminates-software-850899
Senior Backend Developer,3MotionAI,ğŸ‡¨ğŸ‡¦ Canada,https://remoteok.com/remote-jobs/remote-senior-backend-developer-3motionai-799328
Senior Staff Software Engineer Backend Python,Close,ğŸ‡ºğŸ‡¸ United States,https://remoteok.com/remote-jobs/remote-senior-staff-software-engineer-backend-python-close-662302
Intermediate Frontend Platform Engineer,Jane Software,ğŸ‡¨ğŸ‡¦ Canada,https://remoteok.com/remote-jobs/remote-intermediate-frontend-platform-engineer-jane-software-837354
Junior Software Test Specialist,Igloo Software,ğŸŒ Worldwide,https://remoteok.com/remote-jobs/remote-junior-software-test-specialist-igloo-software-799425
DevOps Engineer,3MotionAI,ğŸ‡¨ğŸ‡¦ Canada,https://remoteok.com/remote-jobs/remote-devops-engineer-3motionai-799334
Senior Frontend Developer,3MotionAI,ğŸ‡¨ğŸ‡¦ Canada,https://remoteok.com/remote-jobs/remote-senior-frontend-developer-3motionai-799331
Intermediate Software Developer Clinical Group,Jane Software,ğŸ‡¨ğŸ‡¦ Canada,https://remoteok.com/remote-jobs/remote-intermediate-software-developer-clinical-group-jane-software-797888
Senior Software Developer Clinical Group,Jane Software,ğŸ‡¨ğŸ‡¦ Canada,https://remoteok.com/remote-jobs/remote-senior-software-developer-clinical-group-jane-software-797821
Senior iOS Developer,3MotionAI,ğŸ‡¨ğŸ‡¦ Canada,https://remoteok.com/remote-jobs/remote-senior-ios-developer-3motionai-797407
People & Culture Generalist,Coconut Software,ğŸŒ Probably worldwide,https://remoteok.com/remote-jobs/remote-people-culture-generalist-coconut-software-785706
Software Team Lead,Revelator,ğŸ‡ªğŸ‡º Europe,https://remoteok.com/remote-jobs/remote-software-team-lead-revelator-778059
Account Management Executive,Igloo Software,ğŸŒ North America,https://remoteok.com/remote-jobs/remote-account-management-executive-igloo-software-770050
Developer,Transax,ğŸŒ Worldwide,https://remoteok.com/remote-jobs/remote-developer-transax-698809
Rails Frontend & Backend Wizard,VIVA,ğŸŒ Worldwide,https://remoteok.com/remote-jobs/remote-rails-frontend-backend-wizard-viva-680612
Software Development Engineer Test,BrowserStack Software Private Limited,Mumbai,https://remoteok.com/remote-jobs/remote-software-development-engineer-test-browserstack-software-private-limited-717095
Senior Data Engineer,Alqen,ğŸŒ Worldwide,https://remoteok.com/remote-jobs/remote-senior-data-engineer-alqen-664520
Founding AI Engineer,Dimension,ğŸ‡ªğŸ‡º Europe,https://remoteok.com/remote-jobs/remote-founding-ai-engineer-dimension-701467
Senior Front End Angular Developer,Revelator,ğŸ‡ªğŸ‡º Europe,https://remoteok.com/remote-jobs/remote-senior-front-end-angular-developer-revelator-701355
Developer,VIVA,ğŸŒ Worldwide,https://remoteok.com/remote-jobs/remote-developer-viva-687315
Senior Developer,CoLab Software,ğŸ‡¨ğŸ‡¦ Canada,https://remoteok.com/remote-jobs/remote-senior-developer-colab-software-687058
Senior Product Engineer,Plain,ğŸ‡ªğŸ‡º Europe,https://remoteok.com/remote-jobs/remote-senior-product-engineer-plain-675546
Senior Software Developer Payroll & Compensation,Jane Software,ğŸ‡¨ğŸ‡¦ Canada,https://remoteok.com/remote-jobs/remote-senior-software-developer-payroll-compensation-jane-software-680054
Senior System Engineer,Razorpay Software Private Limited,ğŸŒ Probably worldwide,https://remoteok.com/remote-jobs/remote-senior-system-engineer-razorpay-software-private-limited-671864
Senior Customer Success Manager,Coconut Software,ğŸŒ Probably worldwide,https://remoteok.com/remote-jobs/remote-senior-customer-success-manager-coconut-software-669202
National Account Executive,Coconut Software,ğŸŒ Probably worldwide,https://remoteok.com/remote-jobs/remote-national-account-executive-coconut-software-669201
Senior Full Stack Developer,Rebilly,ğŸ‡ªğŸ‡¸ Spain,https://remoteok.com/remote-jobs/remote-senior-full-stack-developer-rebilly-654457
Senior Frontend Developer,Center,ğŸŒ Worldwide,https://remoteok.com/remote-jobs/remote-senior-frontend-developer-center-647900
UX Engineer,Spectora,ğŸ‡ºğŸ‡¸ United States,https://remoteok.com/remote-jobs/remote-ux-engineer-spectora-656399
Senior Backend Software Engineer,Center,ğŸŒ Worldwide,https://remoteok.com/remote-jobs/remote-senior-backend-software-engineer-center-653409
